<?xml version="1.0" encoding="UTF-8"?>
<tour apprev="18007" start="node1" appversion="6.1.10">
  <panorama id="node1">
    <input levelbias="0.400" levelingpitch="0" leveltilesize="510" levelbiashidpi="1.000" levelingroll="0" width="1024" leveltileurl="tiles/node1/cf_%c/l_%l/c_%x/tile_%y.jpg" height="1024" overlap="1">
      <level preload="0" width="1024" height="1024" predecode="0"/>
      <level preload="0" width="512" height="512" predecode="0"/>
      <level preload="1" width="256" height="256" predecode="1"/>
      <preview strip="1" color="0x808080"/>
    </input>
    <view pannorth="0" fovmode="0">
      <start fov="70" pan="0" tilt="0" projection="4"/>
      <flyin fov="170" pan="0" tilt="-90" projection="9"/>
      <min pan="0" tilt="-90" fovpixel="2"/>
      <max fov="120" pan="360" tilt="90" scaletofit="1" fovstereographic="270" fovfisheye="360"/>
    </view>
    <userdata longitude="" author="" description="" latitude="" nodeid="node1" title="ingresso" comment="" tags="foto 360" heading="0" copyright="" info="" customnodeid="" datetime="" source=""/>
    <hotspots width="180" wordwrap="1" height="20">
      <label textalpha="1" textcolor="0x000000" borderradius="1" border="1" enabled="1" width="180" borderalpha="1" wordwrap="1" background="1" bordercolor="0x000000" height="20" backgroundcolor="0xffffff" backgroundalpha="1"/>
      <polystyle mode="0" borderalpha="1" handcursor="1" bordercolor="0x0000ff" backgroundcolor="0x0000ff" backgroundalpha="0.25098"/>
      <hotspot skinid="ht_node" pan="-284.77" tilt="-37.06" description="" title="sala pranzo" url="{node2}" id="Point01" target="74.0/-15.3/70.0"/>
      <hotspot skinid="ht_node" pan="-75.73" tilt="-42.16" description="" title="cucina" url="{node3}" id="Point02" target="-8.7/-12.0/70.0"/>
    </hotspots>
    <media/>
    <transition blendcolor="0x000000" zoomfov="20" softedge="0" zoomspeed="2" zoomafteroutfov="20" type="crossdissolve" enabled="1" zoomafterinfov="90" blendtime="1" zoomin="0" zoomout="0" zoomoutpause="1"/>
    <animation useinautorotation="0" syncanimationwithvideo="0" animsequence="Animation01"/>
    <control lockedwheel="0" sensitivity="8" simulatemass="1" rubberband="0" invertwheel="0" contextfullscreen="1" dblclickfullscreen="0" lockedkeyboard="0" invertcontrol="1" contextprojections="0" lockedkeyboardzoom="0" lockedmouse="0" speedwheel="1" hideabout="0"/>
  </panorama>
  <panorama id="node2">
    <input levelbias="0.400" levelingpitch="0" leveltilesize="510" levelbiashidpi="1.000" levelingroll="0" width="1024" leveltileurl="tiles/node2/cf_%c/l_%l/c_%x/tile_%y.jpg" height="1024" overlap="1">
      <level preload="0" width="1024" height="1024" predecode="0"/>
      <level preload="0" width="512" height="512" predecode="0"/>
      <level preload="1" width="256" height="256" predecode="1"/>
      <preview strip="1" color="0x808080"/>
    </input>
    <view pannorth="0" fovmode="0">
      <start fov="70" pan="0" tilt="0" projection="4"/>
      <flyin fov="170" pan="0" tilt="-90" projection="9"/>
      <min pan="0" tilt="-90" fovpixel="2"/>
      <max fov="120" pan="360" tilt="90" scaletofit="1" fovstereographic="270" fovfisheye="360"/>
    </view>
    <userdata longitude="" author="" description="" latitude="" nodeid="node2" title="sala pranzo" comment="" tags="foto 360" heading="0" copyright="" info="" customnodeid="" datetime="" source=""/>
    <hotspots width="180" wordwrap="1" height="20">
      <label textalpha="1" textcolor="0x000000" borderradius="1" border="1" enabled="1" width="180" borderalpha="1" wordwrap="1" background="1" bordercolor="0x000000" height="20" backgroundcolor="0xffffff" backgroundalpha="1"/>
      <polystyle mode="0" borderalpha="1" handcursor="1" bordercolor="0x0000ff" backgroundcolor="0x0000ff" backgroundalpha="0.25098"/>
      <hotspot skinid="ht_node" pan="-23.47" tilt="-30.73" description="" title="ingresso" url="{node1}" id="Point01" target="-2.0/-2.5/70.0"/>
    </hotspots>
    <media/>
    <transition blendcolor="0x000000" zoomfov="20" softedge="0" zoomspeed="2" zoomafteroutfov="20" type="crossdissolve" enabled="1" zoomafterinfov="90" blendtime="1" zoomin="0" zoomout="0" zoomoutpause="1"/>
    <animation useinautorotation="0" syncanimationwithvideo="0" animsequence="Animation01"/>
    <control lockedwheel="0" sensitivity="8" simulatemass="1" rubberband="0" invertwheel="0" contextfullscreen="1" dblclickfullscreen="0" lockedkeyboard="0" invertcontrol="1" contextprojections="0" lockedkeyboardzoom="0" lockedmouse="0" speedwheel="1" hideabout="0"/>
  </panorama>
  <panorama id="node3">
    <input levelbias="0.400" levelingpitch="0" leveltilesize="510" levelbiashidpi="1.000" levelingroll="0" width="1024" leveltileurl="tiles/node3/cf_%c/l_%l/c_%x/tile_%y.jpg" height="1024" overlap="1">
      <level preload="0" width="1024" height="1024" predecode="0"/>
      <level preload="0" width="512" height="512" predecode="0"/>
      <level preload="1" width="256" height="256" predecode="1"/>
      <preview strip="1" color="0x808080"/>
    </input>
    <view pannorth="0" fovmode="0">
      <start fov="70" pan="0" tilt="0" projection="4"/>
      <flyin fov="170" pan="0" tilt="-90" projection="9"/>
      <min pan="0" tilt="-90" fovpixel="2"/>
      <max fov="120" pan="360" tilt="90" scaletofit="1" fovstereographic="270" fovfisheye="360"/>
    </view>
    <userdata longitude="" author="" description="" latitude="" nodeid="node3" title="cucina" comment="" tags="foto 360" heading="0" copyright="" info="" customnodeid="" datetime="" source=""/>
    <hotspots width="180" wordwrap="1" height="20">
      <label textalpha="1" textcolor="0x000000" borderradius="1" border="1" enabled="1" width="180" borderalpha="1" wordwrap="1" background="1" bordercolor="0x000000" height="20" backgroundcolor="0xffffff" backgroundalpha="1"/>
      <polystyle mode="0" borderalpha="1" handcursor="1" bordercolor="0x0000ff" backgroundcolor="0x0000ff" backgroundalpha="0.25098"/>
      <hotspot skinid="ht_node" pan="-275.3" tilt="-29.52" description="" title="ingresso" url="{node1}" id="Point01" target="0.0/0.0/70.0"/>
    </hotspots>
    <media/>
    <transition blendcolor="0x000000" zoomfov="20" softedge="0" zoomspeed="2" zoomafteroutfov="20" type="crossdissolve" enabled="1" zoomafterinfov="90" blendtime="1" zoomin="0" zoomout="0" zoomoutpause="1"/>
    <animation useinautorotation="0" syncanimationwithvideo="0" animsequence="Animation01"/>
    <control lockedwheel="0" sensitivity="8" simulatemass="1" rubberband="0" invertwheel="0" contextfullscreen="1" dblclickfullscreen="0" lockedkeyboard="0" invertcontrol="1" contextprojections="0" lockedkeyboardzoom="0" lockedmouse="0" speedwheel="1" hideabout="0"/>
  </panorama>
  <masternode>
    <userdata longitude="" author="" description="" latitude="" nodeid="master" title="" comment="" tags="" heading="0" copyright="" info="" customnodeid="" datetime="" source=""/>
  </masternode>
</tour>
